1;Bulbizarre;Grass Poison;318;45;49;49;65;65;45;
2;Herbizarre;Grass Poison;405;60;62;63;80;80;60;
3;Florizarre;Grass Poison;525;80;82;83;100;100;80;
3;Mega-Florizarre;Grass Poison;625;80;100;123;122;120;80;
4;Salameche;Fire;309;39;52;43;60;50;65;
5;Reptincel;Fire;405;58;64;58;80;65;80;
6;Dracaufeu;Fire Flying;534;78;84;78;109;85;100;
6;Mega-Dracaufeu X;Fire Dragon;634;78;130;111;130;85;100;
6;Mega-Dracaufeu Y;Fire Flying;634;78;104;78;159;115;100;
7;Carapuce;Water;314;44;48;65;50;64;43;
8;Carabaffe;Water;405;59;63;80;65;80;58;
9;Tortank;Water;530;79;83;100;85;105;78;
9;Mega-Tortank;Water;630;79;103;120;135;115;78;
10;Chenipan;Bug;195;45;30;35;20;20;45;
11;Chrysacier;Bug;205;50;20;55;25;25;30;
12;Papilusion;Bug Flying;395;60;45;50;90;80;70;
13;Aspicot;Bug Poison;195;40;35;30;20;20;50;
14;Coconfort;Bug Poison;205;45;25;50;25;25;35;
15;Dardargnan;Bug Poison;395;65;90;40;45;80;75;
15;Mega-Dardargnan;Bug Poison;495;65;150;40;15;80;145;
16;Roucool;Normal Flying;251;40;45;40;35;35;56;
17;Roucoups;Normal Flying;349;63;60;55;50;50;71;
18;Roucarnage;Normal Flying;479;83;80;75;70;70;101;
18;Mega-Roucarnage;Normal Flying;579;83;80;80;135;80;121;
19;Rattata;Normal;253;30;56;35;25;35;72;
19;Rattata Forme d'Alola;Dark Normal;253;30;56;35;25;35;72;
20;Rattatac;Normal;413;55;81;60;50;70;97;
20;Rattatac Forme d'Alola;Dark Normal;413;75;71;70;40;80;77;
21;Piafabec;Normal Flying;262;40;60;30;31;31;70;
22;Rapasdepic;Normal Flying;442;65;90;65;61;61;100;
23;Abo;Poison;288;35;60;44;40;54;55;
24;Arbok;Poison;448;60;95;69;65;79;80;
25;Pikachu;Electric;320;35;55;40;50;50;90;
25;Pikachu Partenaire;Electric;430;45;80;50;75;60;120;
26;Raichu;Electric;485;60;90;55;90;80;110;
26;Raichu Forme d'Alola;Electric Psychic;485;60;85;50;95;85;110;
27;Sabelette;Ground;300;50;75;85;20;30;40;
27;Sabelette Forme d'Alola;Ice Steel;300;50;75;90;10;35;40;
28;Sablaireau;Ground;450;75;100;110;45;55;65;
28;Sablaireau Forme d'Alola;Ice Steel;450;75;100;120;25;65;65;
29;Nidoran;Poison;275;55;47;52;40;40;41;
30;Nidorina;Poison;365;70;62;67;55;55;56;
31;Nidoqueen;Poison Ground;505;90;92;87;75;85;76;
32;Nidoran;Poison;273;46;57;40;40;40;50;
33;Nidorino;Poison;365;61;72;57;55;55;65;
34;Nidoking;Poison Ground;505;81;102;77;85;75;85;
35;Melofee;Fairy;323;70;45;48;60;65;35;
36;Melodelfe;Fairy;483;95;70;73;95;90;60;
37;Goupix;Fire;299;38;41;40;50;65;65;
37;Goupix Forme d'Alola;Ice;299;38;41;40;50;65;65;
38;Feunard;Fire;505;73;76;75;81;100;100;
38;Feunard Forme d'Alola;Ice Fairy;505;73;67;75;81;100;109;
39;Rondoudou;Normal Fairy;270;115;45;20;45;25;20;
40;Grodoudou;Normal Fairy;435;140;70;45;85;50;45;
41;Nosferapti;Poison Flying;245;40;45;35;30;40;55;
42;Nosferalto;Poison Flying;455;75;80;70;65;75;90;
43;Mystherbe;Grass Poison;320;45;50;55;75;65;30;
44;Ortide;Grass Poison;395;60;65;70;85;75;40;
45;Rafflesia;Grass Poison;490;75;80;85;110;90;50;
46;Paras;Bug Grass;285;35;70;55;45;55;25;
47;Parasect;Bug Grass;405;60;95;80;60;80;30;
48;Mimitoss;Bug Poison;305;60;55;50;40;55;45;
49;Aeromite;Bug Poison;450;70;65;60;90;75;90;
50;Taupiqueur;Ground;265;10;55;25;35;45;95;
50;Taupiqueur Forme d'Alola;Ground Steel;265;10;55;30;35;45;90;
51;Triopikeur;Ground;425;35;100;50;50;70;120;
51;Triopikeur Forme d'Alola;Ground Steel;425;35;100;60;50;70;110;
52;Miaouss;Normal;290;40;45;35;40;40;90;
52;Miaouss Forme d'Alola;Dark;290;40;35;35;50;40;90;
52;Miaouss Forme de Galar;Steel;290;50;65;55;40;40;40;
53;Persian;Normal;440;65;70;60;65;65;115;
53;Persian Forme d'Alola;Dark;440;65;60;60;75;65;115;
54;Psykokwak;Water;320;50;52;48;65;50;55;
55;Akwakwak;Water;500;80;82;78;95;80;85;
56;Ferosinge;Fighting;305;40;80;35;35;45;70;
57;Colossinge;Fighting;455;65;105;60;60;70;95;
58;Caninos;Fire;350;55;70;45;70;50;60;
58;Caninos Forme de Hisui;Fire Rock;350;60;75;45;65;50;55;
59;Arcanin;Fire;555;90;110;80;100;80;95;
59;Arcanin Forme de Hisui;Fire Rock;555;95;115;80;95;80;90;
60;Ptitard;Water;300;40;50;40;40;40;90;
61;Tetarte;Water;385;65;65;65;50;50;90;
62;Tartard;Water Fighting;510;90;95;95;70;90;70;
63;Abra;Psychic;310;25;20;15;105;55;90;
64;Kadabra;Psychic;400;40;35;30;120;70;105;
65;Alakazam;Psychic;500;55;50;45;135;95;120;
65;Mega-Alakazam;Psychic;600;55;50;65;175;105;150;
66;Machoc;Fighting;305;70;80;50;35;35;35;
67;Machopeur;Fighting;405;80;100;70;50;60;45;
68;Mackogneur;Fighting;505;90;130;80;65;85;55;
69;Chetiflor;Grass Poison;300;50;75;35;70;30;40;
70;Boustiflor;Grass Poison;390;65;90;50;85;45;55;
71;Empiflor;Grass Poison;490;80;105;65;100;70;70;
72;Tentacool;Water Poison;335;40;40;35;50;100;70;
73;Tentacruel;Water Poison;515;80;70;65;80;120;100;
74;Racaillou;Rock Ground;300;40;80;100;30;30;20;
74;Racaillou Forme d'Alola;Rock Electric;300;40;80;100;30;30;20;
75;Gravalanch;Rock Ground;390;55;95;115;45;45;35;
75;Gravalanch Forme d'Alola;Rock Electric;390;55;95;115;45;45;35;
76;Grolem;Rock Ground;495;80;120;130;55;65;45;
76;Grolem Forme d'Alola;Rock Electric;495;80;120;130;55;65;45;
77;Ponyta;Fire;410;50;85;55;65;65;90;
77;Ponyta Forme de Galar;Psychic;410;50;85;55;65;65;90;
78;Galopa;Fire;500;65;100;70;80;80;105;
78;Galopa Forme de Galar;Psychic Fairy;500;65;100;70;80;80;105;
79;Ramoloss;Water Psychic;315;90;65;65;40;40;15;
79;Ramoloss Forme de Galar;Psychic;315;90;65;65;40;40;15;
80;Flagadoss;Water Psychic;490;95;75;110;100;80;30;
80;Mega-Flagadoss;Water Psychic;590;95;75;180;130;80;30;
80;Flagadoss Forme de Galar;Poison Psychic;490;95;100;95;100;70;30;
81;Magneti;Electric Steel;325;25;35;70;95;55;45;
82;Magneton;Electric Steel;465;50;60;95;120;70;70;
83;Canarticho;Normal Flying;377;52;90;55;58;62;60;
83;Canarticho Forme de Galar;Fighting;377;52;95;55;58;62;55;
84;Doduo;Normal Flying;310;35;85;45;35;35;75;
85;Dodrio;Normal Flying;470;60;110;70;60;60;110;
86;Otaria;Water;325;65;45;55;45;70;45;
87;Lamantine;Water Ice;475;90;70;80;70;95;70;
88;Tadmorv;Poison;325;80;80;50;40;50;25;
88;Tadmorv Forme d'Alola;Poison Dark;325;80;80;50;40;50;25;
89;Grotadmorv;Poison;500;105;105;75;65;100;50;
89;Grotadmorv Forme d'Alola;Poison Dark;500;105;105;75;65;100;50;
90;Kokiyas;Water;305;30;65;100;45;25;40;
91;Crustabri;Water Ice;525;50;95;180;85;45;70;
92;Fantominus;Ghost Poison;310;30;35;30;100;35;80;
93;Spectrum;Ghost Poison;405;45;50;45;115;55;95;
94;Ectoplasma;Ghost Poison;500;60;65;60;130;75;110;
94;Mega-Ectoplasma;Ghost Poison;600;60;65;80;170;95;130;
95;Onix;Rock Ground;385;35;45;160;30;45;70;
96;Soporifik;Psychic;328;60;48;45;43;90;42;
97;Hypnomade;Psychic;483;85;73;70;73;115;67;
98;Krabby;Water;325;30;105;90;25;25;50;
99;Krabboss;Water;475;55;130;115;50;50;75;
100;Voltorbe;Electric;330;40;30;50;55;55;100;
100;Voltorbe Forme de Hisui;Electric Grass;330;40;30;50;55;55;100;
101;electrode;Electric;490;60;50;70;80;80;150;
101;electrode Forme de Hisui;Electric Grass;490;60;50;70;80;80;150;
102;Noeunoeuf;Grass Psychic;325;60;40;80;60;45;40;
103;Noadkoko;Grass Psychic;530;95;95;85;125;75;55;
103;Noadkoko Forme d'Alola;Grass Dragon;530;95;105;85;125;75;45;
104;Osselait;Ground;320;50;50;95;40;50;35;
105;Ossatueur;Ground;425;60;80;110;50;80;45;
105;Ossatueur Forme d'Alola;Fire Ghost;425;60;80;110;50;80;45;
106;Kicklee;Fighting;455;50;120;53;35;110;87;
107;Tygnon;Fighting;455;50;105;79;35;110;76;
108;Excelangue;Normal;385;90;55;75;60;75;30;
109;Smogo;Poison;340;40;65;95;60;45;35;
110;Smogogo;Poison;490;65;90;120;85;70;60;
110;Smogogo Forme de Galar;Poison Fairy;490;65;90;120;85;70;60;
111;Rhinocorne;Ground Rock;345;80;85;95;30;30;25;
112;Rhinoferos;Ground Rock;485;105;130;120;45;45;40;
113;Leveinard;Normal;450;250;5;5;35;105;50;
114;Saquedeneu;Grass;435;65;55;115;100;40;60;
115;Kangourex;Normal;490;105;95;80;40;80;90;
115;Mega-Kangourex;Normal;590;105;125;100;60;100;100;
116;Hypotrempe;Water;295;30;40;70;70;25;60;
117;Hypocean;Water;440;55;65;95;95;45;85;
118;Poissirene;Water;320;45;67;60;35;50;63;
119;Poissoroy;Water;450;80;92;65;65;80;68;
120;Stari;Water;340;30;45;55;70;55;85;
121;Staross;Water Psychic;520;60;75;85;100;85;115;
122;M. Mime;Psychic Fairy;460;40;45;65;100;120;90;
122;M. Mime Forme de Galar;Ice Psychic;460;50;65;65;90;90;100;
123;Insecateur;Bug Flying;500;70;110;80;55;80;105;
124;Lippoutou;Ice Psychic;455;65;50;35;115;95;95;
125;elektek;Electric;490;65;83;57;95;85;105;
126;Magmar;Fire;495;65;95;57;100;85;93;
127;Scarabrute;Bug;500;65;125;100;55;70;85;
127;Mega-Scarabrute;Bug Flying;600;65;155;120;65;90;105;
128;Tauros;Normal;490;75;100;95;40;70;110;
128;TaurosForme de Paldea Race Combative;Fighting;490;75;110;105;30;70;100;
128;Tauros Forme de Paldea Race Flamboyante;Fighting Fire;490;75;110;105;30;70;100;
128;Tauros Forme de Paldea Race Aquatique;Fighting Water;490;75;110;105;30;70;100;
129;Magicarpe;Water;200;20;10;55;15;20;80;
130;Leviator;Water Flying;540;95;125;79;60;100;81;
130;Mega-Leviator;Water Dark;640;95;155;109;70;130;81;
131;Lokhlass;Water Ice;535;130;85;80;85;95;60;
132;Metamorph;Normal;288;48;48;48;48;48;48;
133;evoli;Normal;325;55;55;50;45;65;55;
133;evoli Partenaire;Normal;435;65;75;70;65;85;75;
134;Aquali;Water;525;130;65;60;110;95;65;
135;Voltali;Electric;525;65;65;60;110;95;130;
136;Pyroli;Fire;525;65;130;60;95;110;65;
137;Porygon;Normal;395;65;60;70;85;75;40;
138;Amonita;Rock Water;355;35;40;100;90;55;35;
139;Amonistar;Rock Water;495;70;60;125;115;70;55;
140;Kabuto;Rock Water;355;30;80;90;55;45;55;
141;Kabutops;Rock Water;495;60;115;105;65;70;80;
142;Ptera;Rock Flying;515;80;105;65;60;75;130;
142;Mega-Ptera;Rock Flying;615;80;135;85;70;95;150;
143;Ronflex;Normal;540;160;110;65;65;110;30;
144;Artikodin;Ice Flying;580;90;85;100;95;125;85;
144;Artikodin Forme de Galar;Psychic Flying;580;90;85;85;125;100;95;
145;electhor;Electric Flying;580;90;90;85;125;90;100;
145;electhor Forme de Galar;Fighting Flying;580;90;125;90;85;90;100;
146;Sulfura;Fire Flying;580;90;100;90;125;85;90;
146;Sulfura Forme de Galar;Dark Flying;580;90;85;90;100;125;90;
147;Minidraco;Dragon;300;41;64;45;50;50;50;
148;Draco;Dragon;420;61;84;65;70;70;70;
149;Dracolosse;Dragon Flying;600;91;134;95;100;100;80;
150;Mewtwo;Psychic;680;106;110;90;154;90;130;
150;Mega-Mewtwo X;Psychic Fighting;780;106;190;100;154;100;130;
150;Mega-Mewtwo Y;Psychic;780;106;150;70;194;120;140;
151;Mew;Psychic;600;100;100;100;100;100;100;
152;Germignon;Grass;318;45;49;65;49;65;45;
153;Macronium;Grass;405;60;62;80;63;80;60;
154;Meganium;Grass;525;80;82;100;83;100;80;
155;Hericendre;Fire;309;39;52;43;60;50;65;
156;Feurisson;Fire;405;58;64;58;80;65;80;
157;Typhlosion;Fire;534;78;84;78;109;85;100;
157;Typhlosion Forme de Hisui;Fire Ghost;534;73;84;78;119;85;95;
158;Kaiminus;Water;314;50;65;64;44;48;43;
159;Crocrodil;Water;405;65;80;80;59;63;58;
160;Aligatueur;Water;530;85;105;100;79;83;78;
161;Fouinette;Normal;215;35;46;34;35;45;20;
162;Fouinar;Normal;415;85;76;64;45;55;90;
163;Hoothoot;Normal Flying;262;60;30;30;36;56;50;
164;Noarfang;Normal Flying;452;100;50;50;86;96;70;
165;Coxy;Bug Flying;265;40;20;30;40;80;55;
166;Coxyclaque;Bug Flying;390;55;35;50;55;110;85;
167;Mimigal;Bug Poison;250;40;60;40;40;40;30;
168;Migalos;Bug Poison;400;70;90;70;60;70;40;
169;Nostenfer;Poison Flying;535;85;90;80;70;80;130;
170;Loupio;Water Electric;330;75;38;38;56;56;67;
171;Lanturn;Water Electric;460;125;58;58;76;76;67;
172;Pichu;Electric;205;20;40;15;35;35;60;
173;Melo;Fairy;218;50;25;28;45;55;15;
174;Toudoudou;Normal Fairy;210;90;30;15;40;20;15;
175;Togepi;Fairy;245;35;20;65;40;65;20;
176;Togetic;Fairy Flying;405;55;40;85;80;105;40;
177;Natu;Psychic Flying;320;40;50;45;70;45;70;
178;Xatu;Psychic Flying;470;65;75;70;95;70;95;
179;Wattouat;Electric;280;55;40;40;65;45;35;
180;Lainergie;Electric;365;70;55;55;80;60;45;
181;Pharamp;Electric;510;90;75;85;115;90;55;
181;Mega-Pharamp;Electric Dragon;610;90;95;105;165;110;45;
182;Joliflor;Grass;490;75;80;95;90;100;50;
183;Marill;Water Fairy;250;70;20;50;20;50;40;
184;Azumarill;Water Fairy;420;100;50;80;60;80;50;
185;Simularbre;Rock;410;70;100;115;30;65;30;
186;Tarpaud;Water;500;90;75;75;90;100;70;
187;Granivol;Grass Flying;250;35;35;40;35;55;50;
188;Floravol;Grass Flying;340;55;45;50;45;65;80;
189;Cotovol;Grass Flying;460;75;55;70;55;95;110;
190;Capumain;Normal;360;55;70;55;40;55;85;
191;Tournegrin;Grass;180;30;30;30;30;30;30;
192;Heliatronc;Grass;425;75;75;55;105;85;30;
193;Yanma;Bug Flying;390;65;65;45;75;45;95;
194;Axoloto;Water Ground;210;55;45;45;25;25;15;
194;Axoloto Forme de Paldea;Poison Ground;210;55;45;45;25;25;15;
195;Maraiste;Water Ground;430;95;85;85;65;65;35;
196;Mentali;Psychic;525;65;65;60;130;95;110;
197;Noctali;Dark;525;95;65;110;60;130;65;
198;Cornebre;Dark Flying;405;60;85;42;85;42;91;
199;Roigada;Water Psychic;490;95;75;80;100;110;30;
199;Roigada Forme de Galar;Poison Psychic;490;95;65;80;110;110;30;
200;Feuforeve;Ghost;435;60;60;60;85;85;85;
201;Zarbi;Psychic;336;48;72;48;72;48;48;
202;Qulbutoke;Psychic;405;190;33;58;33;58;33;
203;Girafarig;Normal Psychic;455;70;80;65;90;65;85;
204;Pomdepik;Bug;290;50;65;90;35;35;15;
205;Foretress;Bug Steel;465;75;90;140;60;60;40;
206;Insolourdo;Normal;415;100;70;70;65;65;45;
207;Scorplane;Ground Flying;430;65;75;105;35;65;85;
208;Steelix;Steel Ground;510;75;85;200;55;65;30;
208;Mega-Steelix;Steel Ground;610;75;125;230;55;95;30;
209;Snubbull;Fairy;300;60;80;50;40;40;30;
210;Granbull;Fairy;450;90;120;75;60;60;45;
211;Qwilfish;Water Poison;440;65;95;85;55;55;85;
211;Qwilfish Forme de Hisui;Dark Poison;440;65;95;85;55;55;85;
212;Cizayox;Bug Steel;500;70;130;100;55;80;65;
212;Mega-Cizayox;Bug Steel;600;70;150;140;65;100;75;
213;Caratroc;Bug Rock;505;20;10;230;10;230;5;
214;Scarhino;Bug Fighting;500;80;125;75;40;95;85;
214;Mega-Scarhino;Bug Fighting;600;80;185;115;40;105;75;
215;Farfuret;Dark Ice;430;55;95;55;35;75;115;
215;Farfuret Forme de Hisui;Fighting Poison;430;55;95;55;35;75;115;
216;Teddiursa;Normal;330;60;80;50;50;50;40;
217;Ursaring;Normal;500;90;130;75;75;75;55;
218;Limagma;Fire;250;40;40;40;70;40;20;
219;Volcaropod;Fire Rock;430;60;50;120;90;80;30;
220;Marcacrin;Ice Ground;250;50;50;40;30;30;50;
221;Cochignon;Ice Ground;450;100;100;80;60;60;50;
222;Corayon;Water Rock;410;65;55;95;65;95;35;
222;Corayon Forme de Galar;Ghost;410;60;55;100;65;100;30;
223;Remoraid;Water;300;35;65;35;65;35;65;
224;Octillery;Water;480;75;105;75;105;75;45;
225;Cadoizo;Ice Flying;330;45;55;45;65;45;75;
226;Demanta;Water Flying;485;85;40;70;80;140;70;
227;Airmure;Steel Flying;465;65;80;140;40;70;70;
228;Malosse;Dark Fire;330;45;60;30;80;50;65;
229;Demolosse;Dark Fire;500;75;90;50;110;80;95;
229;Mega-Demolosse;Dark Fire;600;75;90;90;140;90;115;
230;Hyporoi;Water Dragon;540;75;95;95;95;95;85;
231;Phanpy;Ground;330;90;60;60;40;40;40;
232;Donphan;Ground;500;90;120;120;60;60;50;
233;Porygon2;Normal;515;85;80;90;105;95;60;
234;Cerfrousse;Normal;465;73;95;62;85;65;85;
235;Queulorior;Normal;250;55;20;35;20;45;75;
236;Debugant;Fighting;210;35;35;35;35;35;35;
237;Kapoera;Fighting;455;50;95;95;35;110;70;
238;Lippouti;Ice Psychic;305;45;30;15;85;65;65;
239;elekid;Electric;360;45;63;37;65;55;95;
240;Magby;Fire;365;45;75;37;70;55;83;
241;ecremeuh;Normal;490;95;80;105;40;70;100;
242;Leuphorie;Normal;540;255;10;10;75;135;55;
243;Raikou;Electric;580;90;85;75;115;100;115;
244;Entei;Fire;580;115;115;85;90;75;100;
245;Suicune;Water;580;100;75;115;90;115;85;
246;Embrylex;Rock Ground;300;50;64;50;45;50;41;
247;Ymphect;Rock Ground;410;70;84;70;65;70;51;
248;Tyranocif;Rock Dark;600;100;134;110;95;100;61;
248;Mega-Tyranocif;Rock Dark;700;100;164;150;95;120;71;
249;Lugia;Psychic Flying;680;106;90;130;90;154;110;
250;Ho-Oh;Fire Flying;680;106;130;90;110;154;90;
251;Celebi;Psychic Grass;600;100;100;100;100;100;100;
252;Arcko;Grass;310;40;45;35;65;55;70;
253;Massko;Grass;405;50;65;45;85;65;95;
254;Jungko;Grass;530;70;85;65;105;85;120;
254;Mega-Jungko;Grass Dragon;630;70;110;75;145;85;145;
255;Poussifeu;Fire;310;45;60;40;70;50;45;
256;Galifeu;Fire Fighting;405;60;85;60;85;60;55;
257;Brasegali;Fire Fighting;530;80;120;70;110;70;80;
257;Mega-Brasegali;Fire Fighting;630;80;160;80;130;80;100;
258;Gobou;Water;310;50;70;50;50;50;40;
259;Flobio;Water Ground;405;70;85;70;60;70;50;
260;Laggron;Water Ground;535;100;110;90;85;90;60;
260;Mega-Laggron;Water Ground;635;100;150;110;95;110;70;
261;Medhyena;Dark;220;35;55;35;30;30;35;
262;Grahyena;Dark;420;70;90;70;60;60;70;
263;Zigzaton;Normal;240;38;30;41;30;41;60;
263;Zigzaton Forme de Galar;Dark Normal;240;38;30;41;30;41;60;
264;Lineon;Normal;420;78;70;61;50;61;100;
264;Lineon Forme de Galar;Dark Normal;420;78;70;61;50;61;100;
265;Chenipotte;Bug;195;45;45;35;20;30;20;
266;Armulys;Bug;205;50;35;55;25;25;15;
267;Charmillon;Bug Flying;395;60;70;50;100;50;65;
268;Blindalys;Bug;205;50;35;55;25;25;15;
269;Papinox;Bug Poison;385;60;50;70;50;90;65;
270;Nenupiot;Water Grass;220;40;30;30;40;50;30;
271;Lombre;Water Grass;340;60;50;50;60;70;50;
272;Ludicolo;Water Grass;480;80;70;70;90;100;70;
273;Grainipiot;Grass;220;40;40;50;30;30;30;
274;Pifeuil;Grass Dark;340;70;70;40;60;40;60;
275;Tengalice;Grass Dark;480;90;100;60;90;60;80;
276;Nirondelle;Normal Flying;270;40;55;30;30;30;85;
277;Heledelle;Normal Flying;455;60;85;60;75;50;125;
278;Goelise;Water Flying;270;40;30;30;55;30;85;
279;Bekipan;Water Flying;440;60;50;100;95;70;65;
280;Tarsal;Psychic Fairy;198;28;25;25;45;35;40;
281;Kirlia;Psychic Fairy;278;38;35;35;65;55;50;
282;Gardevoir;Psychic Fairy;518;68;65;65;125;115;80;
282;Mega-Gardevoir;Psychic Fairy;618;68;85;65;165;135;100;
283;Arakdo;Bug Water;269;40;30;32;50;52;65;
284;Maskadra;Bug Flying;454;70;60;62;100;82;80;
285;Balignon;Grass;295;60;40;60;40;60;35;
286;Chapignon;Grass Fighting;460;60;130;80;60;60;70;
287;Parecool;Normal;280;60;60;60;35;35;30;
288;Vigoroth;Normal;440;80;80;80;55;55;90;
289;Monaflemit;Normal;670;150;160;100;95;65;100;
290;Ningale;Bug Ground;266;31;45;90;30;30;40;
291;Ninjask;Bug Flying;456;61;90;45;50;50;160;
292;Munja;Bug Ghost;236;1;90;45;30;30;40;
293;Chuchmur;Normal;240;64;51;23;51;23;28;
294;Ramboum;Normal;360;84;71;43;71;43;48;
295;Brouhabam;Normal;490;104;91;63;91;73;68;
296;Makuhita;Fighting;237;72;60;30;20;30;25;
297;Hariyama;Fighting;474;144;120;60;40;60;50;
298;Azurill;Normal Fairy;190;50;20;40;20;40;20;
299;Tarinor;Rock;375;30;45;135;45;90;30;
300;Skitty;Normal;260;50;45;45;35;35;50;
301;Delcatty;Normal;400;70;65;65;55;55;90;
302;Tenefix;Dark Ghost;380;50;75;75;65;65;50;
302;Mega-Tenefix;Dark Ghost;480;50;85;125;85;115;20;
303;Mysdibule;Steel Fairy;380;50;85;85;55;55;50;
303;Mega-Mysdibule;Steel Fairy;480;50;105;125;55;95;50;
304;Galekid;Steel Rock;330;50;70;100;40;40;30;
305;Galegon;Steel Rock;430;60;90;140;50;50;40;
306;Galeking;Steel Rock;530;70;110;180;60;60;50;
306;Mega-Galeking;Steel;630;70;140;230;60;80;50;
307;Meditikka;Fighting Psychic;280;30;40;55;40;55;60;
308;Charmina;Fighting Psychic;410;60;60;75;60;75;80;
308;Mega-Charmina;Fighting Psychic;510;60;100;85;80;85;100;
309;Dynavolt;Electric;295;40;45;40;65;40;65;
310;elecsprint;Electric;475;70;75;60;105;60;105;
310;Mega-elecsprint;Electric;575;70;75;80;135;80;135;
311;Posipi;Electric;405;60;50;40;85;75;95;
312;Negapi;Electric;405;60;40;50;75;85;95;
313;Muciole;Bug;430;65;73;75;47;85;85;
314;Lumivole;Bug;430;65;47;75;73;85;85;
315;Roselia;Grass Poison;400;50;60;45;100;80;65;
316;Gloupti;Poison;302;70;43;53;43;53;40;
317;Avaltout;Poison;467;100;73;83;73;83;55;
318;Carvanha;Water Dark;305;45;90;20;65;20;65;
319;Sharpedo;Water Dark;460;70;120;40;95;40;95;
319;Mega-Sharpedo;Water Dark;560;70;140;70;110;65;105;
320;Wailmer;Water;400;130;70;35;70;35;60;
321;Wailord;Water;500;170;90;45;90;45;60;
322;Chamallot;Fire Ground;305;60;60;40;65;45;35;
323;Camerupt;Fire Ground;460;70;100;70;105;75;40;
323;Mega-Camerupt;Fire Ground;560;70;120;100;145;105;20;
324;Chartor;Fire;470;70;85;140;85;70;20;
325;Spoink;Psychic;330;60;25;35;70;80;60;
326;Groret;Psychic;470;80;45;65;90;110;80;
327;Spinda;Normal;360;60;60;60;60;60;60;
328;Kraknoix;Ground;290;45;100;45;45;45;10;
329;Vibraninf;Ground Dragon;340;50;70;50;50;50;70;
330;Libegon;Ground Dragon;520;80;100;80;80;80;100;
331;Cacnea;Grass;335;50;85;40;85;40;35;
332;Cacturne;Grass Dark;475;70;115;60;115;60;55;
333;Tylton;Normal Flying;310;45;40;60;40;75;50;
334;Altaria;Dragon Flying;490;75;70;90;70;105;80;
334;Mega-Altaria;Dragon Fairy;590;75;110;110;110;105;80;
335;Mangriff;Normal;458;73;115;60;60;60;90;
336;Seviper;Poison;458;73;100;60;100;60;65;
337;Seleroc;Rock Psychic;460;90;55;65;95;85;70;
338;Solaroc;Rock Psychic;460;90;95;85;55;65;70;
339;Barloche;Water Ground;288;50;48;43;46;41;60;
340;Barbicha;Water Ground;468;110;78;73;76;71;60;
341;ecrapince;Water;308;43;80;65;50;35;35;
342;Colhomard;Water Dark;468;63;120;85;90;55;55;
343;Balbuto;Ground Psychic;300;40;40;55;40;70;55;
344;Kaorine;Ground Psychic;500;60;70;105;70;120;75;
345;Lilia;Rock Grass;355;66;41;77;61;87;23;
346;Vacilys;Rock Grass;495;86;81;97;81;107;43;
347;Anorith;Rock Bug;355;45;95;50;40;50;75;
348;Armaldo;Rock Bug;495;75;125;100;70;80;45;
349;Barpau;Water;200;20;15;20;10;55;80;
350;Milobellus;Water;540;95;60;79;100;125;81;
351;Morpheo;Normal;420;70;70;70;70;70;70;
351;Morpheo Forme Solaire;Fire;420;70;70;70;70;70;70;
351;Morpheo Forme Eau de Pluie;Water;420;70;70;70;70;70;70;
351;Morpheo Forme Blizzard;Ice;420;70;70;70;70;70;70;
352;Kecleon;Normal;440;60;90;70;60;120;40;
353;Polichombr;Ghost;295;44;75;35;63;33;45;
354;Branette;Ghost;455;64;115;65;83;63;65;
354;Mega-Branette;Ghost;555;64;165;75;93;83;75;
355;Skelenox;Ghost;295;20;40;90;30;90;25;
356;Teraclope;Ghost;455;40;70;130;60;130;25;
357;Tropius;Grass Flying;460;99;68;83;72;87;51;
358;eoko;Psychic;455;75;50;80;95;90;65;
359;Absol;Dark;465;65;130;60;75;60;75;
359;Mega-Absol;Dark;565;65;150;60;115;60;115;
360;Okeoke;Psychic;260;95;23;48;23;48;23;
361;Stalgamin;Ice;300;50;50;50;50;50;50;
362;Oniglali;Ice;480;80;80;80;80;80;80;
362;Mega-Oniglali;Ice;580;80;120;80;120;80;100;
363;Obalie;Ice Water;290;70;40;50;55;50;25;
364;Phogleur;Ice Water;410;90;60;70;75;70;45;
365;Kaimorse;Ice Water;530;110;80;90;95;90;65;
366;Coquiperl;Water;345;35;64;85;74;55;32;
367;Serpang;Water;485;55;104;105;94;75;52;
368;Rosabyss;Water;485;55;84;105;114;75;52;
369;Relicanth;Water Rock;485;100;90;130;45;65;55;
370;Lovdisc;Water;330;43;30;55;40;65;97;
371;Draby;Dragon;300;45;75;60;40;30;50;
372;Drackhaus;Dragon;420;65;95;100;60;50;50;
373;Drattak;Dragon Flying;600;95;135;80;110;80;100;
373;Mega-Drattak;Dragon Flying;700;95;145;130;120;90;120;
374;Terhal;Steel Psychic;300;40;55;80;35;60;30;
375;Metang;Steel Psychic;420;60;75;100;55;80;50;
376;Metalosse;Steel Psychic;600;80;135;130;95;90;70;
376;Mega-Metalosse;Steel Psychic;700;80;145;150;105;110;110;
377;Regirock;Rock;580;80;100;200;50;100;50;
378;Regice;Ice;580;80;50;100;100;200;50;
379;Registeel;Steel;580;80;75;150;75;150;50;
380;Latias;Dragon Psychic;600;80;80;90;110;130;110;
380;Mega-Latias;Dragon Psychic;700;80;100;120;140;150;110;
381;Latios;Dragon Psychic;600;80;90;80;130;110;110;
381;Mega-Latios;Dragon Psychic;700;80;130;100;160;120;110;
382;Kyogre;Water;670;100;100;90;150;140;90;
382;Primo-Kyogre;Water;770;100;150;90;180;160;90;
383;Groudon;Ground;670;100;150;140;100;90;90;
383;Primo-Groudon;Ground Fire;770;100;180;160;150;90;90;
384;Rayquaza;Dragon Flying;680;105;150;90;150;90;95;
384;Mega-Rayquaza;Dragon Flying;780;105;180;100;180;100;115;
385;Jirachi;Steel Psychic;600;100;100;100;100;100;100;
386;Deoxys Forme Normale;Psychic;600;50;150;50;150;50;150;
386;Deoxys Forme Attaque;Psychic;600;50;180;20;180;20;150;
386;Deoxys Forme Defense;Psychic;600;50;70;160;70;160;90;
386;Deoxys Forme Vitesse;Psychic;600;50;95;90;95;90;180;
387;Tortipouss;Grass;318;55;68;64;45;55;31;
388;Boskara;Grass;405;75;89;85;55;65;36;
389;Torterra;Grass Ground;525;95;109;105;75;85;56;
390;Ouisticram;Fire;309;44;58;44;58;44;61;
391;Chimpenfeu;Fire Fighting;405;64;78;52;78;52;81;
392;Simiabraz;Fire Fighting;534;76;104;71;104;71;108;
393;Tiplouf;Water;314;53;51;53;61;56;40;
394;Prinplouf;Water;405;64;66;68;81;76;50;
395;Pingoleon;Water Steel;530;84;86;88;111;101;60;
396;etourmi;Normal Flying;245;40;55;30;30;30;60;
397;etourvol;Normal Flying;340;55;75;50;40;40;80;
398;etouraptor;Normal Flying;485;85;120;70;50;60;100;
399;Keunotor;Normal;250;59;45;40;35;40;31;
400;Castorno;Normal Water;410;79;85;60;55;60;71;
401;Crikzik;Bug;194;37;25;41;25;41;25;
402;Melokrik;Bug;384;77;85;51;55;51;65;
403;Lixy;Electric;263;45;65;34;40;34;45;
404;Luxio;Electric;363;60;85;49;60;49;60;
405;Luxray;Electric;523;80;120;79;95;79;70;
406;Rozbouton;Grass Poison;280;40;30;35;50;70;55;
407;Roserade;Grass Poison;515;60;70;65;125;105;90;
408;Kranidos;Rock;350;67;125;40;30;30;58;
409;Charkos;Rock;495;97;165;60;65;50;58;
410;Dinoclier;Rock Steel;350;30;42;118;42;88;30;
411;Bastiodon;Rock Steel;495;60;52;168;47;138;30;
412;Cheniti Cape Plante;Bug;224;40;29;45;29;45;36;
412;Cheniti Cape Sable;Bug;224;40;29;45;29;45;36;
412;Cheniti Cape Dechet;Bug;224;40;29;45;29;45;36;
413;Cheniselle Cape Plante;Bug Grass;424;60;59;85;79;105;36;
413;Cheniselle Cape Sable;Bug Ground;424;60;79;105;59;85;36;
413;Cheniselle Cape Dechet;Bug Steel;424;60;69;95;69;95;36;
414;Papilord;Bug Flying;424;70;94;50;94;50;66;
415;Apitrini;Bug Flying;244;30;30;42;30;42;70;
416;Apireine;Bug Flying;474;70;80;102;80;102;40;
417;Pachirisu;Electric;405;60;45;70;45;90;95;
418;Mustebouee;Water;330;55;65;35;60;30;85;
419;Musteflott;Water;495;85;105;55;85;50;115;
420;Ceribou;Grass;275;45;35;45;62;53;35;
421;Ceriflor;Grass;450;70;60;70;87;78;85;
422;Sancoki;Water;325;76;48;48;57;62;34;
423;Tritosor;Water Ground;475;111;83;68;92;82;39;
424;Capidextre;Normal;482;75;100;66;60;66;115;
425;Baudrive;Ghost Flying;348;90;50;34;60;44;70;
426;Grodrive;Ghost Flying;498;150;80;44;90;54;80;
427;Laporeille;Normal;350;55;66;44;44;56;85;
428;Lockpin;Normal;480;65;76;84;54;96;105;
428;Mega-Lockpin;Normal Fighting;580;65;136;94;54;96;135;
429;Magireve;Ghost;495;60;60;60;105;105;105;
430;Corboss;Dark Flying;505;100;125;52;105;52;71;
431;Chaglam;Normal;310;49;55;42;42;37;85;
432;Chaffreux;Normal;452;71;82;64;64;59;112;
433;Korillon;Psychic;285;45;30;50;65;50;45;
434;Moufouette;Poison Dark;329;63;63;47;41;41;74;
435;Moufflair;Poison Dark;479;103;93;67;71;61;84;
436;Archeomire;Steel Psychic;300;57;24;86;24;86;23;
437;Archeodong;Steel Psychic;500;67;89;116;79;116;33;
438;Manzae;Rock;290;50;80;95;10;45;10;
439;Mime Jr.;Psychic Fairy;310;20;25;45;70;90;60;
440;Ptiravi;Normal;220;100;5;5;15;65;30;
441;Pijako;Normal Flying;411;76;65;45;92;42;91;
442;Spiritomb;Ghost Dark;485;50;92;108;92;108;35;
443;Griknot;Dragon Ground;300;58;70;45;40;45;42;
444;Carmache;Dragon Ground;410;68;90;65;50;55;82;
445;Carchacrok;Dragon Ground;600;108;130;95;80;85;102;
445;Mega-Carchacrok;Dragon Ground;700;108;170;115;120;95;92;
446;Goinfrex;Normal;390;135;85;40;40;85;5;
447;Riolu;Fighting;285;40;70;40;35;40;60;
448;Lucario;Fighting Steel;525;70;110;70;115;70;90;
448;Mega-Lucario;Fighting Steel;625;70;145;88;140;70;112;
449;Hippopotas;Ground;330;68;72;78;38;42;32;
450;Hippodocus;Ground;525;108;112;118;68;72;47;
451;Rapion;Poison Bug;330;40;50;90;30;55;65;
452;Drascore;Poison Dark;500;70;90;110;60;75;95;
453;Cradopaud;Poison Fighting;300;48;61;40;61;40;50;
454;Coatox;Poison Fighting;490;83;106;65;86;65;85;
455;Vortente;Grass;454;74;100;72;90;72;46;
456;ecayon;Water;330;49;49;56;49;61;66;
457;Lumineon;Water;460;69;69;76;69;86;91;
458;Babimanta;Water Flying;345;45;20;50;60;120;50;
459;Blizzi;Grass Ice;334;60;62;50;62;60;40;
460;Blizzaroi;Grass Ice;494;90;92;75;92;85;60;
460;Mega-Blizzaroi;Grass Ice;594;90;132;105;132;105;30;
461;Dimoret;Dark Ice;510;70;120;65;45;85;125;
462;Magnezone;Electric Steel;535;70;70;115;130;90;60;
463;Coudlangue;Normal;515;110;85;95;80;95;50;
464;Rhinastoc;Ground Rock;535;115;140;130;55;55;40;
465;Bouldeneu;Grass;535;100;100;125;110;50;50;
466;elekable;Electric;540;75;123;67;95;85;95;
467;Maganon;Fire;540;75;95;67;125;95;83;
468;Togekiss;Fairy Flying;545;85;50;95;120;115;80;
469;Yanmega;Bug Flying;515;86;76;86;116;56;95;
470;Phyllali;Grass;525;65;110;130;60;65;95;
471;Givrali;Ice;525;65;60;110;130;95;65;
472;Scorvol;Ground Flying;510;75;95;125;45;75;95;
473;Mammochon;Ice Ground;530;110;130;80;70;60;80;
474;Porygon-Z;Normal;535;85;80;70;135;75;90;
475;Gallame;Psychic Fighting;518;68;125;65;65;115;80;
475;Mega-Gallame;Psychic Fighting;618;68;165;95;65;115;110;
476;Tarinorme;Rock Steel;525;60;55;145;75;150;40;
477;Noctunoir;Ghost;525;45;100;135;65;135;45;
478;Momartik;Ice Ghost;480;70;80;70;80;70;110;
479;Motisma;Electric Ghost;440;50;50;77;95;77;91;
479;Motisma Motisma Chaleur;Electric Fire;520;50;65;107;105;107;86;
479;Motisma Motisma Lavage;Electric Water;520;50;65;107;105;107;86;
479;Motisma Motisma Froid;Electric Ice;520;50;65;107;105;107;86;
479;Motisma Motisma Helice;Electric Flying;520;50;65;107;105;107;86;
479;Motisma Motisma Tonte;Electric Grass;520;50;65;107;105;107;86;
480;Crehelf;Psychic;580;75;75;130;75;130;95;
481;Crefollet;Psychic;580;80;105;105;105;105;80;
482;Crefadet;Psychic;580;75;125;70;125;70;115;
483;Dialga;Steel Dragon;680;100;120;120;150;100;90;
483;Dialga Forme Originelle;Steel Dragon;680;100;100;120;150;120;90;
484;Palkia;Water Dragon;680;90;120;100;150;120;100;
484;Palkia Forme Originelle;Water Dragon;680;90;100;100;150;120;120;
485;Heatran;Fire Steel;600;91;90;106;130;106;77;
486;Regigigas;Normal;670;110;160;110;80;110;100;
487;Giratina Forme Alternative;Ghost Dragon;680;150;100;120;100;120;90;
487;Giratina Forme Originelle;Ghost Dragon;680;150;120;100;120;100;90;
488;Cresselia;Psychic;580;120;70;110;75;120;85;
489;Phione;Water;480;80;80;80;80;80;80;
490;Manaphy;Water;600;100;100;100;100;100;100;
491;Darkrai;Dark;600;70;90;90;135;90;125;
492;Shaymin Forme Terrestre;Grass;600;100;100;100;100;100;100;
492;Shaymin Forme Celeste;Grass Flying;600;100;103;75;120;75;127;
493;Arceus;Normal;720;120;120;120;120;120;120;
494;Victini;Psychic Fire;600;100;100;100;100;100;100;
495;Vipelierre;Grass;308;45;45;55;45;55;63;
496;Lianaja;Grass;413;60;60;75;60;75;83;
497;Majaspic;Grass;528;75;75;95;75;95;113;
498;Gruikui;Fire;308;65;63;45;45;45;45;
499;Grotichon;Fire Fighting;418;90;93;55;70;55;55;
500;Roitiflam;Fire Fighting;528;110;123;65;100;65;65;
501;Moustillon;Water;308;55;55;45;63;45;45;
502;Mateloutre;Water;413;75;75;60;83;60;60;
503;Clamiral;Water;528;95;100;85;108;70;70;
503;Clamiral Forme de Hisui;Water Dark;528;90;108;80;100;65;85;
504;Ratentif;Normal;255;45;55;39;35;39;42;
505;Miradar;Normal;420;60;85;69;60;69;77;
506;Ponchiot;Normal;275;45;60;45;25;45;55;
507;Ponchien;Normal;370;65;80;65;35;65;60;
508;Mastouffe;Normal;500;85;110;90;45;90;80;
509;Chacripan;Dark;281;41;50;37;50;37;66;
510;Leopardus;Dark;446;64;88;50;88;50;106;
511;Feuillajou;Grass;316;50;53;48;53;48;64;
512;Feuiloutan;Grass;498;75;98;63;98;63;101;
513;Flamajou;Fire;316;50;53;48;53;48;64;
514;Flamoutan;Fire;498;75;98;63;98;63;101;
515;Flotajou;Water;316;50;53;48;53;48;64;
516;Flotoutan;Water;498;75;98;63;98;63;101;
517;Munna;Psychic;292;76;25;45;67;55;24;
518;Mushana;Psychic;487;116;55;85;107;95;29;
519;Poichigeon;Normal Flying;264;50;55;50;36;30;43;
520;Colombeau;Normal Flying;358;62;77;62;50;42;65;
521;Deflaisan;Normal Flying;488;80;115;80;65;55;93;
522;Zebibron;Electric;295;45;60;32;50;32;76;
523;Zeblitz;Electric;497;75;100;63;80;63;116;
524;Nodulithe;Rock;280;55;75;85;25;25;15;
525;Geolithe;Rock;390;70;105;105;50;40;20;
526;Gigalithe;Rock;515;85;135;130;60;80;25;
527;Chovsourir;Psychic Flying;323;65;45;43;55;43;72;
528;Rhinolove;Psychic Flying;425;67;57;55;77;55;114;
529;Rototaupe;Ground;328;60;85;40;30;45;68;
530;Minotaupe;Ground Steel;508;110;135;60;50;65;88;
531;Nanmeouee;Normal;445;103;60;86;60;86;50;
531;Mega-Nanmeouee;Normal Fairy;545;103;60;126;80;126;50;
532;Charpenti;Fighting;305;75;80;55;25;35;35;
533;Ouvrifier;Fighting;405;85;105;85;40;50;40;
534;Betochef;Fighting;505;105;140;95;55;65;45;
535;Tritonde;Water;294;50;50;40;50;40;64;
536;Batracne;Water Ground;384;75;65;55;65;55;69;
537;Crapustule;Water Ground;509;105;95;75;85;75;74;
538;Judokrak;Fighting;465;120;100;85;30;85;45;
539;Karaclee;Fighting;465;75;125;75;30;75;85;
540;Larveyette;Bug Grass;310;45;53;70;40;60;42;
541;Couverdure;Bug Grass;380;55;63;90;50;80;42;
542;Manternel;Bug Grass;500;75;103;80;70;80;92;
543;Venipatte;Bug Poison;260;30;45;59;30;39;57;
544;Scobolide;Bug Poison;360;40;55;99;40;79;47;
545;Brutapode;Bug Poison;485;60;100;89;55;69;112;
546;Doudouvet;Grass Fairy;280;40;27;60;37;50;66;
547;Farfaduvet;Grass Fairy;480;60;67;85;77;75;116;
548;Chlorobule;Grass;280;45;35;50;70;50;30;
549;Fragilady;Grass;480;70;60;75;110;75;90;
549;Fragilady Forme de Hisui;Grass Fighting;480;70;105;75;50;75;105;
550;Bargantua Motif Rouge;Water;460;70;92;65;80;55;98;
550;Bargantua Motif Bleu;Water;460;70;92;65;80;55;98;
550;Bargantua Motif Blanc;Water;460;70;92;65;80;55;98;
551;Mascaeman;Ground Dark;292;50;72;35;35;35;65;
552;Escroco;Ground Dark;351;60;82;45;45;45;74;
553;Crocorible;Ground Dark;519;95;117;80;65;70;92;
554;Darumarond;Fire;315;70;90;45;15;45;50;
554;Darumarond Forme de Galar;Ice;315;70;90;45;15;45;50;
555;Darumacho Mode Normal;Fire;480;105;140;55;30;55;95;
555;Darumacho Mode Transe;Fire Psychic;540;105;30;105;140;105;55;
555;Darumacho Forme de Galar Mode Normal;Ice;480;105;140;55;30;55;95;
555;Darumacho Forme de Galar Mode Transe;Ice Fire;540;105;160;55;30;55;135;
556;Maracachi;Grass;461;75;86;67;106;67;60;
557;Crabicoque;Bug Rock;325;50;65;85;35;35;55;
558;Crabaraque;Bug Rock;485;70;105;125;65;75;45;
559;Baggiguane;Dark Fighting;348;50;75;70;35;70;48;
560;Baggaed;Dark Fighting;488;65;90;115;45;115;58;
561;Cryptero;Psychic Flying;490;72;58;80;103;80;97;
562;Tutafeh;Ghost;303;38;30;85;55;65;30;
562;Tutafeh Forme de Galar;Ground Ghost;303;38;55;85;30;65;30;
563;Tutankafer;Ghost;483;58;50;145;95;105;30;
564;Carapagos;Water Rock;355;54;78;103;53;45;22;
565;Megapagos;Water Rock;495;74;108;133;83;65;32;
566;Arkeapti;Rock Flying;401;55;112;45;74;45;70;
567;Aeropteryx;Rock Flying;567;75;140;65;112;65;110;
568;Miamiasme;Poison;329;50;50;62;40;62;65;
569;Miasmax;Poison;474;80;95;82;60;82;75;
570;Zorua;Dark;330;40;65;40;80;40;65;
570;Zorua Forme de Hisui;Normal Ghost;330;35;60;40;85;40;70;
571;Zoroark;Dark;510;60;105;60;120;60;105;
571;Zoroark Forme de Hisui;Normal Ghost;510;60;105;60;120;60;105;
572;Chinchidou;Normal;300;55;50;40;40;40;75;
573;Pashmilla;Normal;470;75;95;60;65;60;115;
574;Scrutella;Psychic;290;45;30;50;55;65;45;
575;Mesmerella;Psychic;390;60;45;70;75;85;55;
576;Siderella;Psychic;490;70;55;95;95;110;65;
577;Nucleos;Psychic;290;45;30;40;105;50;20;
578;Meios;Psychic;370;65;40;50;125;60;30;
579;Symbios;Psychic;490;110;65;75;125;85;30;
580;Couaneton;Water Flying;305;62;44;50;44;50;55;
581;Lakmecygne;Water Flying;473;75;87;63;87;63;98;
582;Sorbebe;Ice;305;36;50;50;65;60;44;
583;Sorboul;Ice;395;51;65;65;80;75;59;
584;Sorbouboul;Ice;535;71;95;85;110;95;79;
585;Vivaldaim;Normal Grass;335;60;60;50;40;50;75;
586;Haydaim;Normal Grass;475;80;100;70;60;70;95;
587;Emolga;Electric Flying;428;55;75;60;75;60;103;
588;Carabing;Bug;315;50;75;45;40;45;60;
589;Laneargot;Bug Steel;495;70;135;105;60;105;20;
590;Trompignon;Grass Poison;294;69;55;45;55;55;15;
591;Gaulet;Grass Poison;464;114;85;70;85;80;30;
592;Viskuse;Water Ghost;335;55;40;50;65;85;40;
593;Moyade;Water Ghost;480;100;60;70;85;105;60;
594;Mamanbo;Water;470;165;75;80;40;45;65;
595;Statitik;Bug Electric;319;50;47;50;57;50;65;
596;Mygavolt;Bug Electric;472;70;77;60;97;60;108;
597;Grindur;Grass Steel;305;44;50;91;24;86;10;
598;Noacier;Grass Steel;489;74;94;131;54;116;20;
599;Tic;Steel;300;40;55;70;45;60;30;
600;Clic;Steel;440;60;80;95;70;85;50;
601;Cliticlic;Steel;520;60;100;115;70;85;90;
602;Anchwatt;Electric;275;35;55;40;45;40;60;
603;Lamperoie;Electric;405;65;85;70;75;70;40;
604;Ohmassacre;Electric;515;85;115;80;105;80;50;
605;Lewsor;Psychic;335;55;55;55;85;55;30;
606;Neitram;Psychic;485;75;75;75;125;95;40;
607;Funecire;Ghost Fire;275;50;30;55;65;55;20;
608;Melancolux;Ghost Fire;370;60;40;60;95;60;55;
609;Lugulabre;Ghost Fire;520;60;55;90;145;90;80;
610;Coupenotte;Dragon;320;46;87;60;30;40;57;
611;Incisache;Dragon;410;66;117;70;40;50;67;
612;Tranchodon;Dragon;540;76;147;90;60;70;97;
613;Polarhume;Ice;305;55;70;40;60;40;40;
614;Polagriffe;Ice;505;95;130;80;70;80;50;
615;Hexagel;Ice;515;80;50;50;95;135;105;
616;Escargaume;Bug;305;50;40;85;40;65;25;
617;Limaspeed;Bug;495;80;70;40;100;60;145;
618;Limonde;Ground Electric;471;109;66;84;81;99;32;
618;Limonde Forme de Galar;Ground Steel;471;109;81;99;66;84;32;
619;Kungfouine;Fighting;350;45;85;50;55;50;65;
620;Shaofouine;Fighting;510;65;125;60;95;60;105;
621;Drakkarmin;Dragon;485;77;120;90;60;90;48;
622;Gringolem;Ground Ghost;303;59;74;50;35;50;35;
623;Golemastoc;Ground Ghost;483;89;124;80;55;80;55;
624;Scalpion;Dark Steel;340;45;85;70;40;40;60;
625;Scalproie;Dark Steel;490;65;125;100;60;70;70;
626;Frison;Normal;490;95;110;95;40;95;55;
627;Furaiglon;Normal Flying;350;70;83;50;37;50;60;
628;Gueriaigle;Normal Flying;510;100;123;75;57;75;80;
628;Gueriaigle Forme de Hisui;Psychic Flying;510;110;83;70;112;70;65;
629;Vostourno;Dark Flying;370;70;55;75;45;65;60;
630;Vaututrice;Dark Flying;510;110;65;105;55;95;80;
631;Aflamanoir;Fire;484;85;97;66;105;66;65;
632;Fermite;Bug Steel;484;58;109;112;48;48;109;
633;Solochi;Dark Dragon;300;52;65;50;45;50;38;
634;Diamat;Dark Dragon;420;72;85;70;65;70;58;
635;Trioxhydre;Dark Dragon;600;92;105;90;125;90;98;
636;Pyronille;Bug Fire;360;55;85;55;50;55;60;
637;Pyrax;Bug Fire;550;85;60;65;135;105;100;
638;Cobaltium;Steel Fighting;580;91;90;129;90;72;108;
639;Terrakium;Rock Fighting;580;91;129;90;72;90;108;
640;Viridium;GrassFighting;580;91;90;72;90;129;108;
641;Boreas Forme Avatar;Flying;580;79;115;70;125;80;111;
641;Boreas Forme Totemique;Flying;580;79;100;80;110;90;121;
642;Fulguris Forme Avatar;Electric Flying;580;79;115;70;125;80;111;
642;Fulguris Forme Totemique;Electric Flying;580;79;105;70;145;80;101;
643;Reshiram;Dragon Fire;680;100;120;100;150;120;90;
644;Zekrom;Dragon Electric;680;100;150;120;120;100;90;
645;Demeteros Forme Avatar;Ground Flying;600;89;125;90;115;80;101;
645;Demeteros Forme Totemique;Ground Flying;600;89;145;90;105;80;91;
646;Kyurem;Dragon Ice;660;125;130;90;130;90;95;
646;Kyurem Kyurem Blanc;Dragon Ice;700;125;120;90;170;100;95;
646;Kyurem Kyurem Noir;Dragon Ice;700;125;170;100;120;90;95;
647;Keldeo Aspect Normal;Water Fighting;580;91;72;90;129;90;108;
647;Keldeo Aspect Decide;Water Fighting;580;91;72;90;129;90;108;
648;Meloetta Forme Chant;Normal Psychic;600;100;77;77;128;128;90;
648;Meloetta Forme Danse;Normal Fighting;600;100;128;90;77;77;128;
649;Genesect;Bug Steel;600;71;120;95;120;95;99;
650;Marisson;Grass;313;56;61;65;48;45;38;
651;Boguerisse;Grass;405;61;78;95;56;58;57;
652;Blindepique;Grass Fighting;530;88;107;122;74;75;64;
653;Feunnec;Fire;307;40;45;40;62;60;60;
654;Roussil;Fire;409;59;59;58;90;70;73;
655;Goupelin;Fire Psychic;534;75;69;72;114;100;104;
656;Grenousse;Water;314;41;56;40;62;44;71;
657;Croeporal;Water;405;54;63;52;83;56;97;
658;Amphinobi;Water Dark;530;72;95;67;103;71;122;
658;Amphinobi Forme Sacha;Water Dark;640;72;145;67;153;71;132;
659;Sapereau;Normal;237;38;36;38;32;36;57;
660;Excavarenne;Normal Ground;423;85;56;77;50;77;78;
661;Passerouge;Normal Flying;278;45;50;43;40;38;62;
662;Braisillon;Fire Flying;382;62;73;55;56;52;84;
663;Flambusard;Fire Flying;499;78;81;71;74;69;126;
664;Lepidonille;Bug;200;38;35;40;27;25;35;
665;Peregrain;Bug;213;45;22;60;27;30;29;
666;Prismillon Motif Blizzard;Bug Flying;411;80;52;50;90;50;89;
667;Helionceau;Fire Normal;369;62;50;58;73;54;72;
668;Nemelios;Fire Normal;507;86;68;72;109;66;106;
669;Flabebe;Fairy;303;44;38;39;61;79;42;
670;Floette;Fairy;371;54;45;47;75;98;52;
671;Florges;Fairy;552;78;65;68;112;154;75;
672;Cabriolaine;Grass;350;66;65;48;62;57;52;
673;Chevroum;Grass;531;123;100;62;97;81;68;
674;Pandespiegle;Fighting;348;67;82;62;46;48;43;
675;Pandarbare;Fighting Dark;495;95;124;78;69;71;58;
676;Couafarel Forme Sauvage;Normal;472;75;80;60;65;90;102;
677;Psystigri;Psychic;355;62;48;54;63;60;68;
678;Mistigrix Mele;Psychic;466;74;48;76;83;81;104;
678;Mistigrix Femelle;Psychic;466;74;48;76;83;81;104;
679;Monorpale;Steel Ghost;325;45;80;100;35;37;28;
680;Dimocles;Steel Ghost;448;59;110;150;45;49;35;
681;Exagide Forme Parade;Steel Ghost;500;60;50;140;50;140;60;
681;Exagide Forme Assaut;Steel Ghost;500;60;140;50;140;50;60;
682;Fluvetin;Fairy;341;78;52;60;63;65;23;
683;Cocotine;Fairy;462;101;72;72;99;89;29;
684;Sucroquin;Fairy;341;62;48;66;59;57;49;
685;Cupcanaille;Fairy;480;82;80;86;85;75;72;
686;Sepiatop;Dark Psychic;288;53;54;53;37;46;45;
687;Sepiatroce;Dark Psychic;482;86;92;88;68;75;73;
688;Opermine;Rock Water;306;42;52;67;39;56;50;
689;Golgopathe;Rock Water;500;72;105;115;54;86;68;
690;Venalgue;Poison Water;320;50;60;60;60;60;30;
691;Kravarech;Poison Dragon;494;65;75;90;97;123;44;
692;Flingouste;Water;330;50;53;62;58;63;44;
693;Gamblast;Water;500;71;73;88;120;89;59;
694;Galvaran;Electric Normal;289;44;38;33;61;43;70;
695;Iguolta;Electric Normal;481;62;55;52;109;94;109;
696;Ptyranidur;Rock Dragon;362;58;89;77;45;45;48;
697;Rexillius;Rock Dragon;521;82;121;119;69;59;71;
698;Amagara;Rock Ice;362;77;59;50;67;63;46;
699;Dragmara;Rock Ice;521;123;77;72;99;92;58;
700;Nymphali;Fairy;525;95;65;65;110;130;60;
701;Brutalibre;Fighting Flying;500;78;92;75;74;63;118;
702;Dedenne;Electric Fairy;431;67;58;57;81;67;101;
703;Strassie;Rock Fairy;500;50;50;150;50;150;50;
704;Mucuscule;Dragon;300;45;50;35;55;75;40;
705;Colimucus;Dragon;452;68;75;53;83;113;60;
705;Colimucus Forme de Hisui;Steel Dragon;452;58;75;83;83;113;40;
706;Muplodocus;Dragon;600;90;100;70;110;150;80;
706;Muplodocus Forme de Hisui;Steel Dragon;600;80;100;100;110;150;60;
707;Trousselin;Steel Fairy;470;57;80;91;80;87;75;
708;Broceleme;Ghost Grass;309;43;70;48;50;60;38;
709;Desseliande;Ghost Grass;474;85;110;76;65;82;56;
710;Pitrouille Taille Mini;Ghost Grass;335;49;66;70;44;55;51;
710;Pitrouille Taille Normale;Ghost Grass;335;44;66;70;44;55;56;
710;Pitrouille Taille Maxi;Ghost Grass;335;54;66;70;44;55;46;
710;Pitrouille Taille Ultra;Ghost Grass;335;59;66;70;44;55;41;
711;Banshitrouye Taille Mini;Ghost Grass;494;65;90;122;58;75;84;
711;Banshitrouye Taille Normale;Ghost Grass;494;55;85;122;58;75;99;
711;Banshitrouye Taille Maxi;Ghost Grass;494;75;95;122;58;75;69;
711;Banshitrouye Taille Ultra;Ghost Grass;494;85;100;122;58;75;54;
712;Grelaeon;Ice;304;55;69;85;32;35;28;
713;Seracrawl;Ice;514;95;117;184;44;46;28;
713;Seracrawl Forme de Hisui;Ice Rock;514;95;127;184;34;36;38;
714;Sonistrelle;Flying Dragon;245;40;30;35;45;40;55;
715;Bruyverne;Flying Dragon;535;85;70;80;97;80;123;
716;Xerneas;Fairy;680;126;131;95;131;98;99;
717;Yveltal;Dark Flying;680;126;131;95;131;98;99;
718;Zygarde Forme 50 %;Dragon Ground;600;108;100;121;81;95;95;
718;Zygarde Forme 10 %;Dragon Ground;486;54;100;71;61;85;115;
718;Zygarde Forme Parfaite;Dragon Ground;708;216;100;121;91;95;85;
719;Diancie;Rock Fairy;600;50;100;150;100;150;50;
719;Mega-Diancie;Rock Fairy;700;50;160;110;160;110;110;
720;Hoopa Hoopa Enchaene;Psychic Ghost;600;80;110;60;150;130;70;
720;Hoopa Hoopa Dechaene;Psychic Dark;680;80;160;60;170;130;80;
721;Volcanion;Fire Water;600;80;110;120;130;90;70;
722;Brindibou;Grass Flying;320;68;55;55;50;50;42;
723;Effleche;Grass Flying;420;78;75;75;70;70;52;
724;Archeduc;Grass Ghost;530;78;107;75;100;100;70;
724;Archeduc Forme de Hisui;Grass Fighting;530;88;112;80;95;95;60;
725;Flamiaou;Fire;320;45;65;40;60;40;70;
726;Matoufeu;Fire;420;65;85;50;80;50;90;
727;Felinferno;Fire Dark;530;95;115;90;80;90;60;
728;Otaquin;Water;320;50;54;54;66;56;40;
729;Otarlette;Water;420;60;69;69;91;81;50;
730;Oratoria;Water Fairy;530;80;74;74;126;116;60;
731;Picassaut;Normal Flying;265;35;75;30;30;30;65;
732;Piclairon;Normal Flying;355;55;85;50;40;50;75;
733;Bazoucan;Normal Flying;485;80;120;75;75;75;60;
734;Manglouton;Normal;253;48;70;30;30;30;45;
735;Argouste;Normal;418;88;110;60;55;60;45;
736;Larvibule;Bug;300;47;62;45;55;45;46;
737;Chrysapile;Bug Electric;400;57;82;95;55;75;36;
738;Lucanon;Bug Electric;500;77;70;90;145;75;43;
739;Crabagarre;Fighting;338;47;82;57;42;47;63;
740;Crabominable;Fighting Ice;478;97;132;77;62;67;43;
741;Plumeline Style Flamenco;Fire Flying;476;75;70;70;98;70;93;
741;Plumeline Style Pom-Pom;Electric Flying;476;75;70;70;98;70;93;
741;Plumeline Style Hula;Psychic Flying;476;75;70;70;98;70;93;
741;Plumeline Style Buy?;Ghost Flying;476;75;70;70;98;70;93;
742;Bombydou;Bug Fairy;304;40;45;40;55;40;84;
743;Rubombelle;Bug Fairy;464;60;55;60;95;70;124;
744;Rocabot;Rock;280;45;65;40;30;40;60;
744;Rocabot (forme lugubre);Rock;280;45;65;40;30;40;60;
745;Lougaroc Forme Diurne;Rock;487;75;115;65;55;65;112;
745;Lougaroc Forme Nocturne;Rock;487;85;115;75;55;75;82;
745;Lougaroc Forme Crepusculaire;Rock;487;75;117;65;55;65;110;
746;Froussardine Forme Solitaire;Water;175;45;20;20;25;25;40;
746;Froussardine Forme Banc;Water;620;45;140;130;140;135;30;
747;Vorasterie;Poison Water;305;50;53;62;43;52;45;
748;Predasterie;Poison Water;495;50;63;152;53;142;35;
749;Tiboudet;Ground;385;70;100;70;45;55;45;
750;Bourrinos;Ground;500;100;125;100;55;85;35;
751;Araqua;Water Bug;269;38;40;52;40;72;27;
752;Tarenbulle;Water Bug;454;68;70;92;50;132;42;
753;Mimantis;Grass;250;40;55;35;50;35;35;
754;Floramantis;Grass;480;70;105;90;80;90;45;
755;Spododo;Grass Fairy;285;40;35;55;65;75;15;
756;Lampignon;Grass Fairy;405;60;45;80;90;100;30;
757;Tritox;Poison Fire;320;48;44;40;71;40;77;
758;Malamandre;Poison Fire;480;68;64;60;111;60;117;
759;Nounourson;Normal Fighting;340;70;75;50;45;50;50;
760;Chelours;Normal Fighting;500;120;125;80;55;60;60;
761;Croquine;Grass;210;42;30;38;30;38;32;
762;Candine;Grass;290;52;40;48;40;48;62;
763;Sucreine;Grass;510;72;120;98;50;98;72;
764;Guerilande;Fairy;485;51;52;90;82;110;100;
765;Gouroutan;Normal Psychic;490;90;60;80;90;110;60;
766;Quartermac;Fighting;490;100;120;90;40;60;80;
767;Sovkipou;Bug Water;230;25;35;40;20;30;80;
768;Sarmurae;Bug Water;530;75;125;140;60;90;40;
769;Bacabouh;Ghost Ground;320;55;55;80;70;45;15;
770;Trepassable;Ghost Ground;480;85;75;110;100;75;35;
771;Concombaffe;Water;410;55;60;130;30;130;5;
772;Type:0;Normal;534;95;95;95;95;95;59;
773;Silvallie;Normal;570;95;95;95;95;95;95;
774;Meteno Forme Meteore;Rock Flying;440;60;60;100;60;100;60;
774;"Meteno Noyau ";Rock Flying;500;60;100;60;100;60;120;
775;Dodoala;Normal;480;65;115;65;75;95;65;
776;Boumata;Fire Dragon;485;60;78;135;91;85;36;
777;Togedemaru;Electric Steel;435;65;98;63;40;73;96;
778;Mimiqui;Ghost Fairy;476;55;90;80;50;105;96;
779;Denticrisse;Water Psychic;475;68;105;70;70;70;92;
780;Draeeul;Normal Dragon;485;78;60;85;135;91;36;
781;Sinistrail;Ghost Grass;517;70;131;100;86;90;40;
782;Bebecaille;Dragon;300;45;55;65;45;45;45;
783;ecaed;Dragon Fighting;420;55;75;90;65;70;65;
784;ekaeser;Dragon Fighting;600;75;110;125;100;105;85;
785;Tokorico;Electric Fairy;570;70;115;85;95;75;130;
786;Tokopiyon;Psychic Fairy;570;70;85;75;130;115;95;
787;Tokotoro;Grass Fairy;570;70;130;115;85;95;75;
788;Tokopisco;Water Fairy;570;70;75;115;95;130;85;
789;Cosmog;Psychic;200;43;29;31;29;31;37;
790;Cosmovum;Psychic;400;43;29;131;29;131;37;
791;Solgaleo;Psychic Steel;680;137;137;107;113;89;97;
792;Lunala;Psychic Ghost;680;137;113;89;137;107;97;
793;Zeroed;Rock Poison;570;109;53;47;127;131;103;
794;Mouscoto;Bug Fighting;570;107;139;139;53;53;79;
795;Cancrelove;Bug Fighting;570;71;137;37;137;37;151;
796;Ceblifere;Electric;570;83;89;71;173;71;83;
797;Bamboiselle;Steel Flying;570;97;101;103;107;101;61;
798;Katagami;Grass Steel;570;59;181;131;59;31;109;
799;Engloutyran;Dark Dragon;570;223;101;53;97;53;43;
800;Necrozma;Psychic;600;97;107;101;127;89;79;
800;Necrozma Criniere du Couchant;Psychic Steel;680;97;157;127;113;109;77;
800;Necrozma Ailes de l'Aurore;Psychic Ghost;680;97;113;109;157;127;77;
800;Ultra-Necrozma;Psychic Dragon;754;97;167;97;167;97;129;
801;Magearna;Steel Fairy;600;80;95;115;130;115;65;
802;Marshadow;Fighting Ghost;600;90;125;80;90;90;125;
803;Vemini;Poison;420;67;73;67;73;67;73;
804;Mandrillon;Poison Dragon;540;73;73;73;127;73;121;
805;Ama-Ama;Rock Steel;570;61;131;211;53;101;13;
806;Pierroteknik;Fire Ghost;570;53;127;53;151;79;107;
807;Zeraora;Electric;600;88;112;75;102;80;143;
808;Meltan;Steel;300;46;65;65;55;35;34;
809;Melmetal;Steel;600;135;143;143;80;65;34;
810;Ouistempo;Grass;310;50;65;50;40;40;65;
811;Badabouin;Grass;420;70;85;70;55;60;80;
812;Gorythmic;Grass;530;100;125;90;60;70;85;
813;Flambino;Fire;310;50;71;40;40;40;69;
814;Lapyro;Fire;420;65;86;60;55;60;94;
815;Pyrobut;Fire;530;80;116;75;65;75;119;
816;Larmeleon;Water;310;50;40;40;70;40;70;
817;Arrozard;Water;420;65;60;55;95;55;90;
818;Lezargus;Water;530;70;85;65;125;65;120;
819;Rongourmand;Normal;275;70;55;55;35;35;25;
820;Rongrigou;Normal;460;120;95;95;55;75;20;
821;Minisange;Flying;245;38;47;35;33;35;57;
822;Bleuseille;Flying;365;68;67;55;43;55;77;
823;Corvaillus;Flying Steel;495;98;87;105;53;85;67;
824;Larvadar;Bug;180;25;20;20;25;45;45;
825;Coleodeme;Bug Psychic;335;50;35;80;50;90;30;
826;Astronelle;Bug Psychic;505;60;45;110;80;120;90;
827;Goupilou;Dark;245;40;28;28;47;52;50;
828;Roublenard;Dark;455;70;58;58;87;92;90;
829;Tournicoton;Grass;250;40;40;60;40;60;10;
830;Blancoton;Grass;460;60;50;90;80;120;60;
831;Moumouton;Normal;270;42;40;55;40;45;48;
832;Moumouflon;Normal;490;72;80;100;60;90;88;
833;Khelocrok;Water;284;50;64;50;38;38;44;
834;Torgamord;Water Rock;485;90;115;90;48;68;74;
835;Voltoutou;Electric;270;59;45;50;40;50;26;
836;Fulgudog;Electric;490;69;90;60;90;60;121;
837;Charbi;Rock;240;30;40;50;40;50;30;
838;Wagomine;Rock Fire;410;80;60;90;60;70;50;
839;Monthracite;Rock Fire;510;110;80;120;80;90;30;
840;Verpom;Grass Dragon;260;40;40;80;40;40;20;
841;Pomdrapi;Grass Dragon;485;70;110;80;95;60;70;
842;Dratatin;Grass Dragon;485;110;85;80;100;80;30;
843;Dunaja;Ground;315;52;57;75;35;50;46;
844;Dunaconda;Ground;510;72;107;125;65;70;71;
845;Nigosier;Flying Water;475;70;85;55;85;95;85;
846;Embrochet;Water;280;41;63;40;40;30;66;
847;Hastacuda;Water;490;61;123;60;60;50;136;
848;Toxizap;Electric Poison;242;40;38;35;54;35;40;
849;Salarsen Forme Aigee;Electric Poison;502;75;98;70;114;70;75;
849;Salarsen Forme Grave;Electric Poison;502;75;98;70;114;70;75;
850;Grillepattes;Fire Bug;305;50;65;45;50;50;45;
851;Scolocendre;Fire Bug;525;100;115;65;90;90;65;
852;Poulpaf;Fighting;310;50;68;60;50;50;32;
853;Krakos;Fighting;480;80;118;90;70;80;42;
854;Theffroi;Ghost;308;40;45;45;74;54;50;
855;Polthegeist;Ghost;508;60;65;65;134;114;70;
856;Bibichut;Psychic;265;42;30;45;56;53;39;
857;Chapotus;Psychic;370;57;40;65;86;73;49;
858;Sorcilence;Psychic Fairy;510;57;90;95;136;103;29;
859;Grimalin;Dark Fairy;265;45;45;30;55;40;50;
860;Fourbelin;Dark Fairy;370;65;60;45;75;55;70;
861;Angoliath;Dark Fairy;510;95;120;65;95;75;60;
862;Ixon;Dark Normal;520;93;90;101;60;81;95;
863;Berserkatt;Steel;440;70;110;100;50;60;50;
864;Corayeme;Ghost;510;60;95;50;145;130;30;
865;Palarticho;Fighting;507;62;135;95;68;82;65;
866;M. Glaquette;Ice Psychic;520;80;85;75;110;100;70;
867;Tutetekri;Ground Ghost;483;58;95;145;50;105;30;
868;Cremy;Fairy;270;45;40;40;50;61;34;
869;Charmilly;Fairy;495;65;60;75;110;121;64;
870;Hexadron;Fighting;470;65;100;100;70;60;75;
871;Wattapik;Electric;435;48;101;95;91;85;15;
872;Frissonille;Ice Bug;185;30;25;35;45;30;20;
873;Beldeneige;Ice Bug;475;70;65;60;125;90;65;
874;Dolman;Rock;470;100;125;135;20;20;70;
875;Bekaglaeon Tete de Gel;Ice;470;75;80;110;65;90;50;
875;Bekaglaeon Tete Degel;Ice;470;75;80;70;65;50;130;
876;Wimessir Mele;Psychic Normal;475;60;65;55;105;95;95;
876;Wimessir Femelle;Psychic Normal;475;70;55;65;95;105;85;
877;Morpeko Mode Rassasie;Electric Dark;436;58;95;58;70;58;97;
877;Morpeko Mode Affame;Electric Dark;436;58;95;58;70;58;97;
878;Charibari;Steel;330;72;80;49;40;49;40;
879;Pachyradjah;Steel;500;122;130;69;80;69;30;
880;Galvagon;Electric Dragon;505;90;100;90;80;70;75;
881;Galvagla;Electric Ice;505;90;100;90;90;80;55;
882;Hydragon;Water Dragon;505;90;90;100;70;80;75;
883;Hydragla;Water Ice;505;90;90;100;80;90;55;
884;Duralugon;Steel Dragon;535;70;95;115;120;50;85;
885;Fantyrm;Dragon Ghost;270;28;60;30;40;30;82;
886;Dispareptil;Dragon Ghost;410;68;80;50;60;50;102;
887;Lanssorien;Dragon Ghost;600;88;120;75;100;75;142;
888;Zacian Heros Aguerri;Fairy;660;92;120;115;80;115;138;
888;Zacian epee Supreme;Fairy Steel;700;92;150;115;80;115;148;
889;Zamazenta Heros Aguerri;Fighting;660;92;120;115;80;115;138;
889;Zamazenta Bouclier Supreme;Fighting Steel;700;92;120;140;80;140;128;
890;ethernatos;Poison Dragon;690;140;85;95;145;95;130;
890;ethernatos Infinimax;Poison Dragon;1125;255;115;250;125;250;130;
891;Wushours;Fighting;385;60;90;60;53;50;72;
892;Shifours Style Poing Final;Fighting Dark;550;100;130;100;63;60;97;
892;Shifours Style Mille Poings;Fighting Water;550;100;130;100;63;60;97;
893;Zarude;Dark Grass;600;105;120;105;70;95;105;
894;Regieleki;Electric;580;80;100;50;100;50;200;
895;Regidrago;Dragon;580;200;100;50;100;50;80;
896;Blizzeval;Ice;580;100;145;130;65;110;30;
897;Spectreval;Ghost;580;100;65;60;145;80;130;
898;Sylveroy;Psychic Grass;500;100;80;80;80;80;80;
898;Sylveroy Cavalier du Froid;Psychic Ice;680;100;165;150;85;130;50;
898;Sylveroy Cavalier d'Effroi;Psychic Ghost;680;100;85;80;165;100;150;
899;Cerbyllin;Normal Psychic;525;103;105;72;105;75;65;
900;Hachecateur;Bug Rock;500;70;130;95;45;75;85;
901;Ursaking;Ground Normal;550;130;140;105;45;80;50;
902;Paragruel Mele;Water Ghost;530;120;112;65;80;75;78;
902;Paragruel Femelle;Water Ghost;530;120;92;65;100;75;78;
903;Farfurex;Poison Fighting;510;80;130;60;40;80;120;
904;Qwilpik;Dark Poison;510;85;115;95;65;65;85;
905;Amovenus Forme Avatar;Fairy Flying;580;74;115;70;135;80;106;
905;Amovenus Forme Totemique;Fairy Flying;580;74;115;110;135;100;46;
906;Poussacha;Grass;310;40;61;54;45;45;65;
907;Matourgeon;Grass;410;61;80;63;60;63;83;
908;Miascarade;Grass Dark;530;76;110;70;81;70;123;
909;Chochodile;Fire;310;67;45;59;63;40;36;
910;Crocogril;Fire;411;81;55;78;90;58;49;
911;Flemigator;Fire Ghost;530;104;75;100;110;75;66;
912;Coiffeton;Water;310;55;65;45;50;45;50;
913;Canarbello;Water;410;70;85;65;65;60;65;
914;Palmaval;Water Fighting;530;85;120;80;85;75;85;
915;Gourmelet;Normal;254;54;45;40;35;45;35;
916;Fragroin Mele;Normal;489;110;100;75;59;80;65;
916;Fragroin Femelle;Normal;489;115;90;70;59;90;65;
917;Tissenboule;Bug;210;35;41;45;29;40;20;
918;Filentrappe;Bug;404;60;79;92;52;86;35;
919;Lilliterelle;Bug;210;33;46;40;21;25;45;
920;Gambex;Bug Dark;450;71;102;78;52;55;92;
921;Pohm;Electric;240;45;50;20;40;25;60;
922;Pohmotte;Electric Fighting;350;60;75;40;50;40;85;
923;Pohmarmotte;Electric Fighting;490;70;115;70;70;60;105;
924;Compagnol;Normal;305;50;50;45;40;45;75;
925;Famignol Famille de Trois;Normal;470;74;75;70;65;75;111;
925;Famignol Famille de Quatre;Normal;470;74;75;70;65;75;111;
926;Petachiot;Fairy;312;37;55;70;30;55;65;
927;Briochien;Fairy;477;57;80;115;50;80;95;
928;Olivini;Grass Normal;260;41;35;45;58;51;30;
929;Olivado;Grass Normal;354;52;53;60;78;78;33;
930;Arboliva;Grass Normal;510;78;69;90;125;109;39;
931;Tapatoes Plumage Vert;Normal Flying;417;82;96;51;45;51;92;
931;Tapatoes Plumage Bleu;Normal Flying;417;82;96;51;45;51;92;
931;Tapatoes Plumage Jaune;Normal Flying;417;82;96;51;45;51;92;
931;Tapatoes Plumage Blanc;Normal Flying;417;82;96;51;45;51;92;
932;Selutin;Rock;280;55;55;75;35;35;25;
933;Amassel;Rock;355;60;60;100;35;65;35;
934;Gigansel;Rock;500;100;100;130;45;90;35;
935;Charbambin;Fire;255;40;50;40;50;40;35;
936;Carmadura;Fire Psychic;525;85;60;100;125;80;75;
937;Malvalame;Fire Ghost;525;75;125;80;60;100;85;
938;Tetampoule;Electric;272;61;31;41;59;35;45;
939;Ampibidou;Electric;495;109;64;91;103;83;45;
940;Zapetrel;Electric Flying;280;40;40;35;55;40;70;
941;Fulgulairo;Electric Flying;490;70;70;60;105;60;125;
942;Grondogue;Dark;340;60;78;60;40;51;51;
943;Dogrino;Dark;505;80;120;90;60;70;85;
944;Gribouraigne;Poison Normal;290;40;65;35;40;35;75;
945;Tag-Tag;Poison Normal;485;63;95;65;80;72;110;
946;Virovent;Grass Ghost;275;40;65;30;45;35;60;
947;Virevorreur;Grass Ghost;480;55;115;70;80;70;90;
948;Terracool;Ground Grass;335;40;40;35;50;100;70;
949;Terracruel;Ground Grass;515;80;70;65;80;120;100;
950;Craparoi;Rock;450;70;100;115;35;55;75;
951;Pimito;Grass;304;50;62;40;62;40;50;
952;Scovilain;Grass Fire;486;65;108;65;108;65;75;
953;Leboulerou;Bug;270;41;50;60;31;58;30;
954;Berasca;Bug Psychic;470;75;50;85;115;100;45;
955;Flotillon;Psychic;255;30;35;30;55;30;75;
956;Cleopsytra;Psychic;481;95;60;60;101;60;105;
957;Forgerette;Fairy Steel;297;50;45;45;35;64;58;
958;Forgella;Fairy Steel;380;65;55;55;45;82;78;
959;Forgelina;Fairy Steel;506;85;75;77;70;105;94;
960;Taupikeau;Water;245;10;55;25;35;25;95;
961;Triopikeau;Water;425;35;100;50;50;70;120;
962;Lestombaile;Flying Dark;485;70;103;85;60;85;82;
963;Dofin;Water;315;70;45;40;45;40;75;
964;Superdofin Forme Ordinaire;Water;457;100;70;72;53;62;100;
964;Superdofin Forme Super;Water;650;100;160;97;106;87;100;
965;Vrombi;Steel Poison;300;45;70;63;30;45;47;
966;Vrombotor;Steel Poison;500;80;119;90;54;67;90;
967;Motorizard;Dragon Normal;501;70;95;65;85;65;121;
968;Ferdeter;Steel;480;70;85;145;60;55;65;
969;Germeclat;Rock Poison;350;48;35;42;105;60;60;
970;Floreclat;Rock Poison;525;83;55;90;130;81;86;
971;Toutombe;Ghost;290;50;61;60;30;55;34;
972;Tomberro;Ghost;488;72;101;100;50;97;68;
973;Flamenroule;Flying Fighting;500;82;115;74;75;64;90;
974;Pietace;Ice;334;108;68;45;30;40;43;
975;Balbaleze;Ice;521;170;113;65;45;55;73;
976;Delestin;Water Psychic;478;90;102;73;78;65;70;
977;Oyacata;Water;530;150;100;115;65;65;35;
978;Nigirigon;Dragon Water;475;68;50;60;120;95;82;
979;Courrousinge;Fighting Ghost;535;110;115;80;50;90;90;
980;Terraiste;Poison Ground;430;130;75;60;45;100;20;
981;Farigiraf;Normal Psychic;520;120;90;70;110;70;60;
982;Deusolourdo Forme Double;Normal;520;125;100;80;85;75;55;
982;Deusolourdo Forme Triple;Normal;520;125;100;80;85;75;55;
983;Scalpereur;Dark Steel;550;100;135;120;60;85;50;
984;Fort-Ivoire;Ground Fighting;570;115;131;131;53;53;87;
985;Hurle-Queue;Fairy Psychic;570;115;65;99;65;115;111;
986;Fongus-Furie;Grass Dark;570;111;127;99;79;99;55;
987;Flotte-Meche;Ghost Fairy;570;55;55;55;135;135;135;
988;Rampe-Ailes;Bug Fighting;570;85;135;79;85;105;81;
989;Pelage-Sable;Electric Ground;570;85;81;97;121;85;101;
990;Roue-de-Fer;Ground Steel;570;90;112;120;72;70;106;
991;Hotte-de-Fer;Ice Water;570;56;80;114;124;60;136;
992;Paume-de-Fer;Fighting Electric;570;154;140;108;50;68;50;
993;Tetes-de-Fer;Dark Flying;570;94;80;86;122;80;108;
994;Mite-de-Fer;Fire Poison;570;80;70;60;140;110;110;
995;epine-de-Fer;Rock Electric;570;100;134;110;70;84;72;
996;Frigodo;Dragon Ice;320;65;75;45;35;45;55;
997;Cryodo;Dragon Ice;423;90;95;66;45;65;62;
998;Glaivodo;Dragon Ice;600;115;145;92;75;86;87;
999;Mordudor Forme Coffre;Ghost;300;45;30;70;75;70;10;
999;Mordudor Forme Marche;Ghost;300;45;30;25;75;45;80;
1000;Gromago;Steel Ghost;550;87;60;95;133;91;84;
1001;Chongjian;Dark Grass;570;85;85;100;95;135;70;
1002;Baojian;Dark Ice;570;80;120;80;90;65;135;
1003;Dinglu;Dark Ground;570;155;110;125;55;80;45;
1004;Yuyu;Dark Fire;570;55;80;80;135;120;100;
1005;Rugit-Lune;Dragon Dark;590;105;139;71;55;101;119;
1006;Garde-de-Fer;Fairy Fighting;590;74;130;90;120;60;116;
1007;Koraidon;Fighting Dragon;670;100;135;115;85;100;135;
1008;Miraidon;Electric Dragon;670;100;85;100;135;115;135;